{
    "episode": 839,
    "reward": 54.99585110810585,
    "timestamp": "2026-02-04T23:30:11.296627",
    "trade_stats": {
        "total_trades": 16,
        "winning_trades": 4,
        "losing_trades": 12,
        "win_rate": 0.25,
        "avg_profit": 37.29887689390737,
        "avg_loss": 43.365683970358056,
        "profit_factor": 0.28670040055482915,
        "max_consecutive_wins": 2,
        "max_consecutive_losses": 8
    }
}